"ID";"NOM";"PRENOM";"USERNAME";"PASSWORD";"MAIL";"ID_PROFIL";"DATEMAJ_USER"
10;"BERNIER";"Estelle";"Estelle.BERNIER";"CJ62hy9";"Estelle.BERNIER@darties.com";10;01/03/16
11;"VIENS";"Aurore";"Aurore.VIENS";"E8X2yd7";"Aurore.VIENS@darties.Com";11;01/03/16
12;"GAGNEUX";"Charles";"Charles.GAGNEUX";"Xd64cG9";"Charles.GAGNEUX@darties.com";12;01/03/16
13;"MELANSON";"Gustave";"Gustave.MELANSON";"XZy67c6";"Gustave.MELANSON@darties.com";13;01/03/16
14;"SAVOIE";"David";"David.SAVOIE";"W63yk8B";"David.SAVOIE@darties.com";14;01/03/16
15;"SAINDON";"Edward";"Edward.SAINDON";"hr9F4X9";"Edward.SAINDON@darties.com";15;01/03/16
16;"BORDOUX";"Isabelle";"Isabelle.BORDOUX";"49Vn6zC";"Isabelle.BORDOUX@darties.com";16;01/03/16
17;"LACHARITE";"Joanna";"Joanna.LACHARITE";"y7eN4V9";"Joanna.LACHARITE@darties.com";17;01/03/16
18;"BONNEVILLE";"Damiane";"Damiane.BONNEVILLE";"S22tTv2";"Damiane.BONNEVILLE@darties.com";18;01/03/16
19;"PROULE";"Lucas";"Lucas.PROULE";"3YT56vn";"Lucas.PROULE@darties.com";19;01/03/16
20;"CHARPENTIER";"Jeoffroi";"Jeoffroi.CHARPENTIER";"8x3Bx3T";"Jeoffroi.CHARPENTIER@darties.com";20;01/03/16
21;"SEGIN";"Stephane ";"Stephane.SEGIN";"227wTTg";"Stephane.SEGIN@darties.com";21;01/03/16
22;"LEJEUNE";"Romain";"Romain.LEJEUNE";"4L5Cjh8";"Romain.LEJEUNE@darties.com";22;01/03/16
23;"LAFRAMMOISE";"Paul";"Paul.LAFRAMMOISE";"fP67Xb9";"Paul.LAFRAMMOISE@darties.com";23;01/03/16
24;"MOREL";"Claude";"Claude.MOREL";"9zP6vS2";"Claude.MOREL@darties.com";24;01/03/16
25;"GODDU";"Bertrand";"Bertrand.GODDU";"28Qi9Wk";"Bertrand.GODDU@darties.com";25;01/03/16
26;"LEPICIER";"Laetitia";"Laetitia.LEPICIER";"bqT483T";"Laetitia.LEPICIER@darties.com";26;01/03/16
27;"CHANDONNET";"Marguerite";"Marguerite.CHANDONNET";"2jN8i2X";"Marguerite.CHANDONNET@darties.com";27;01/03/16
28;"LECHAMPS";"Maurice";"Maurice.LECHAMPS";"x4Br95Z";"Maurice.LECHAMPS@darties.com";28;01/03/16
29;"DELAPOSE";"Audrey ";"Audrey.DELAPOSE";"4sgV93U";"Audrey.DELAPOSE@darties.com";29;01/03/16
30;"AUDRAN";"Emilie";"Emilie.AUDRAN";"8qeP56Y";"Emilie.AUDRAN@darties.com";30;01/03/16
31;"DEDIAUX";"Benjamin";"Benjamin.DEDIAUX";"988hRnC";"Benjamin.DEDIAUX@darties.com";31;01/03/16
32;"LAURENT";"Thomas";"Thomas.LAURENT";"3Me5Z9h";"Thomas.LAURENT@darties.com";32;01/03/16
33;"DEY";"Benoit";"Benoit.DEY";"8G7Lfi6";"Benoit.DEY@darties.com";33;01/03/16
34;"DELAUNAY";"Angelique";"Angelique.DELAUNAY";"g6Gb25T";"Angelique.DELAUNAY@darties.com";34;01/03/16
35;"LEGRAND";"Alexis";"Alexis.LEGRAND";"7u4d5XP";"Alexis.LEGRAND@darties.com";35;01/03/16
36;"VALLE";"Marc";"Marc.VALLE";"c63L9zG";"Marc.VALLE@darties.com";36;01/03/16
37;"GIGUERE";"Gilbert";"Gilbert.GIGUERE";"MT8t6w8";"Gilbert.GIGUERE@darties.com";37;01/03/16
38;"BEAULIEU";"Theophile";"Theophile.BEAULIEU";"9znW65L";"Theophile.BEAULIEU@darties.com";38;01/03/16
39;"TANGUAY";"Lea";"Lea.TANGUAY";"x9F6zN9";"Lea.TANGUAY@darties.com";39;01/03/16
40;"ZACHARE";"Patrick";"Patrick.ZACHARE";"6jAg55V";"Patrick.ZACHARE@darties.com";40;01/03/16
41;"FROCHET";"Elise";"Elise.FROCHET";"4e69aEB";"Elise.FROCHET@darties.com";41;01/03/16
42;"FORTER";"Louis";"Louis.FORTER";"ja82R2Z";"Louis.FORTER@darties.com";42;01/03/16
43;"JACKSON";"William";"William.JACKSON";"fV9rY56";"William.JACKSON@darties.com";43;01/03/16
44;"ADAMS";"Georges";"Georges.ADAMS";"gPzY863";"Georges.ADAMS@darties.com";44;01/03/16
45;"CARTER";"Harry";"Harry.CARTER";"zB5e3D8";"Harry.CARTER@darties.com";45;01/03/16
46;"JOHNSON";"Jimmy";"Jimmy.JOHNSON";"579BHrp";"Jimmy.JOHNSON@darties.com";46;01/03/16
47;"BUCHANAN";"Martin";"Martin.BUCHANAN";"mDPp867";"Martin.BUCHANAN@darties.com";47;01/03/16
48;"PIERCE";"James";"James.PIERCE";"P58qg3J";"James.PIERCE@darties.com";48;01/03/16
49;"COOLIDGE";"Emma";"Emma.COOLIDGE";"qW436sF";"Emma.COOLIDGE@darties.com";49;01/03/16
50;"HAYES";"Richard";"Richard.HAYES";"5n8Hs2W";"Richard.HAYES@darties.com";50;01/03/16
51;"CLEVELAND";"Taylor";"Taylor.CLEVELAND";"662wYNv";"Taylor.CLEVELAND@darties.com";51;01/03/16
52;"MADISON";"Warren";"Warren.MADISON";"J95Pdx8";"Warren.MADISON@darties.com";52;01/03/16
53;"REAGAN";"Arthur";"Arthur.REAGAN";"3Jeh6G7";"Arthur.REAGAN@darties.com";53;01/03/16
54;"EVENO";"Julie";"Julie.EVENO";"7DusL99";"Julie.EVENO@darties.com";54;01/03/16
55;"OLIVER";"Aurelie";"Aurelie.OLIVER";"tkHS596";"Aurelie.OLIVER@darties.com";55;01/03/16
1;"AUDIBERT";"Javier";"Javier.AUDIBERT";"4AfgG97";"Javier.AUDIBERT@darties.com";1;01/03/16
2;"DROUIN";"Dominic";"Dominic.DROUIN";"t2eJ76Z";"Dominic.DROUIN@darties.com";2;01/03/16
3;"ROUX";"Angelique";"Angelique.ROUX";"7u2Mx4W";"Angelique.ROUX@darties.com";3;01/03/16
4;"BOUTOT";"Angelle";"Angelle.BOUTOT";"9M2jyH3";"Angelle.BOUTOT@darties.com";4;01/03/16
5;"DESCOTEAUX";"Huguette";"Huguette.DESCOTEAUX";"33j7UvW";"Huguette.DESCOTEAUX@darties.com";5;01/03/16
6;"DUBEAU";"Pascal";"Pascal.DUBEAU";"59Cx6eX";"Pascal.DUBEAU@darties.com";6;01/03/16
7;"PAIMBOEUF";"Laurent";"Laurent.PAIMBOEUF";"wX2J4a9";"Laurent.PAIMBOEUF@darties.com";7;01/03/16
8;"SAUCIER";"Yves";"Yves.SAUCIER";"Un38y7C";"Yves.SAUCIER@darties.com";8;01/03/16
9;"GAUTHIER";"Robert";"Robert.GAUTHIER";"F2Se72u";"Robert.GAUTHIER@darties.com";9;01/03/16
