ID;NOM;PRENOM;USERNAME;PASSWORD;MAIL;ID_PROFIL;DATEMAJ_USER;DATE_SAVE
10;BERNIER;Estelle;Estelle.BERNIER;CJ62hy9;Estelle.BERNIER@darties.com;10;22-03-2016;
11;VIENS;Aurore;Aurore.VIENS;E8X2yd7;Aurore.VIENS@darties.Com;11;22-03-2016;
12;GAGNEUX;Charles;Charles.GAGNEUX;Xd64cG9;Charles.GAGNEUX@darties.com;12;22-03-2016;
13;MELANSON;Gustave;Gustave.MELANSON;XZy67c6;Gustave.MELANSON@darties.com;13;22-03-2016;
14;SAVOIE;David;David.SAVOIE;W63yk8B;David.SAVOIE@darties.com;14;22-03-2016;
15;SAINDON;Edward;Edward.SAINDON;hr9F4X9;Edward.SAINDON@darties.com;15;22-03-2016;
16;BORDOUX;Isabelle;Isabelle.BORDOUX;49Vn6zC;Isabelle.BORDOUX@darties.com;16;22-03-2016;
17;LACHARITE;Joanna;Joanna.LACHARITE;y7eN4V9;Joanna.LACHARITE@darties.com;17;22-03-2016;
18;BONNEVILLE;Damiane;Damiane.BONNEVILLE;S22tTv2;Damiane.BONNEVILLE@darties.com;18;22-03-2016;
19;PROULE;Lucas;Lucas.PROULE;3YT56vn;Lucas.PROULE@darties.com;19;22-03-2016;
20;CHARPENTIER;Jeoffroi;Jeoffroi.CHARPENTIER;8x3Bx3T;Jeoffroi.CHARPENTIER@darties.com;20;22-03-2016;
21;SEGIN;Stephane ;Stephane.SEGIN;227wTTg;Stephane.SEGIN@darties.com;21;22-03-2016;
22;LEJEUNE;Romain;Romain.LEJEUNE;4L5Cjh8;Romain.LEJEUNE@darties.com;22;22-03-2016;
23;LAFRAMMOISE;Paul;Paul.LAFRAMMOISE;fP67Xb9;Paul.LAFRAMMOISE@darties.com;23;22-03-2016;
24;MOREL;Claude;Claude.MOREL;9zP6vS2;Claude.MOREL@darties.com;24;22-03-2016;
25;GODDU;Bertrand;Bertrand.GODDU;28Qi9Wk;Bertrand.GODDU@darties.com;25;22-03-2016;
26;LEPICIER;Laetitia;Laetitia.LEPICIER;bqT483T;Laetitia.LEPICIER@darties.com;26;22-03-2016;
27;CHANDONNET;Marguerite;Marguerite.CHANDONNET;2jN8i2X;Marguerite.CHANDONNET@darties.com;27;22-03-2016;
28;LECHAMPS;Maurice;Maurice.LECHAMPS;x4Br95Z;Maurice.LECHAMPS@darties.com;28;22-03-2016;
29;DELAPOSE;Audrey ;Audrey.DELAPOSE;4sgV93U;Audrey.DELAPOSE@darties.com;29;22-03-2016;
30;AUDRAN;Emilie;Emilie.AUDRAN;8qeP56Y;Emilie.AUDRAN@darties.com;30;22-03-2016;
31;DEDIAUX;Benjamin;Benjamin.DEDIAUX;988hRnC;Benjamin.DEDIAUX@darties.com;31;22-03-2016;
32;LAURENT;Thomas;Thomas.LAURENT;3Me5Z9h;Thomas.LAURENT@darties.com;32;22-03-2016;
33;DEY;Benoit;Benoit.DEY;8G7Lfi6;Benoit.DEY@darties.com;33;22-03-2016;
34;DELAUNAY;Angelique;Angelique.DELAUNAY;g6Gb25T;Angelique.DELAUNAY@darties.com;34;22-03-2016;
35;LEGRAND;Alexis;Alexis.LEGRAND;7u4d5XP;Alexis.LEGRAND@darties.com;35;22-03-2016;
36;VALLE;Marc;Marc.VALLE;c63L9zG;Marc.VALLE@darties.com;36;22-03-2016;
37;GIGUERE;Gilbert;Gilbert.GIGUERE;MT8t6w8;Gilbert.GIGUERE@darties.com;37;22-03-2016;
38;BEAULIEU;Theophile;Theophile.BEAULIEU;9znW65L;Theophile.BEAULIEU@darties.com;38;22-03-2016;
39;TANGUAY;Lea;Lea.TANGUAY;x9F6zN9;Lea.TANGUAY@darties.com;39;22-03-2016;
40;ZACHARE;Patrick;Patrick.ZACHARE;6jAg55V;Patrick.ZACHARE@darties.com;40;22-03-2016;
41;FROCHET;Elise;Elise.FROCHET;4e69aEB;Elise.FROCHET@darties.com;41;22-03-2016;
42;FORTER;Louis;Louis.FORTER;ja82R2Z;Louis.FORTER@darties.com;42;22-03-2016;
43;JACKSON;William;William.JACKSON;fV9rY56;William.JACKSON@darties.com;43;22-03-2016;
44;ADAMS;Georges;Georges.ADAMS;gPzY863;Georges.ADAMS@darties.com;44;22-03-2016;
45;CARTER;Harry;Harry.CARTER;zB5e3D8;Harry.CARTER@darties.com;45;22-03-2016;
46;JOHNSON;Jimmy;Jimmy.JOHNSON;579BHrp;Jimmy.JOHNSON@darties.com;46;22-03-2016;
47;BUCHANAN;Martin;Martin.BUCHANAN;mDPp867;Martin.BUCHANAN@darties.com;47;22-03-2016;
48;PIERCE;James;James.PIERCE;P58qg3J;James.PIERCE@darties.com;48;22-03-2016;
49;COOLIDGE;Emma;Emma.COOLIDGE;qW436sF;Emma.COOLIDGE@darties.com;49;22-03-2016;
50;HAYES;Richard;Richard.HAYES;5n8Hs2W;Richard.HAYES@darties.com;50;22-03-2016;
51;CLEVELAND;Taylor;Taylor.CLEVELAND;662wYNv;Taylor.CLEVELAND@darties.com;51;22-03-2016;
52;MADISON;Warren;Warren.MADISON;J95Pdx8;Warren.MADISON@darties.com;52;22-03-2016;
53;REAGAN;Arthur;Arthur.REAGAN;3Jeh6G7;Arthur.REAGAN@darties.com;53;22-03-2016;
54;EVENO;Julie;Julie.EVENO;7DusL99;Julie.EVENO@darties.com;54;22-03-2016;
55;OLIVER;Aurelie;Aurelie.OLIVER;tkHS596;Aurelie.OLIVER@darties.com;55;22-03-2016;
1;AUDIBERT;Javier;Javier.AUDIBERT;4AfgG97;Javier.AUDIBERT@darties.com;1;22-03-2016;
2;DROUIN;Dominic;Dominic.DROUIN;t2eJ76Z;Dominic.DROUIN@darties.com;2;22-03-2016;
3;ROUX;Angelique;Angelique.ROUX;7u2Mx4W;Angelique.ROUX@darties.com;3;22-03-2016;
4;BOUTOT;Angelle;Angelle.BOUTOT;9M2jyH3;Angelle.BOUTOT@darties.com;4;22-03-2016;
5;DESCOTEAUX;Huguette;Huguette.DESCOTEAUX;33j7UvW;Huguette.DESCOTEAUX@darties.com;5;22-03-2016;
6;DUBEAU;Pascal;Pascal.DUBEAU;59Cx6eX;Pascal.DUBEAU@darties.com;6;22-03-2016;
7;PAIMBOEUF;Laurent;Laurent.PAIMBOEUF;wX2J4a9;Laurent.PAIMBOEUF@darties.com;7;22-03-2016;
8;SAUCIER;Yves;Yves.SAUCIER;Un38y7C;Yves.SAUCIER@darties.com;8;22-03-2016;
9;GAUTHIER;Robert;Robert.GAUTHIER;F2Se72u;Robert.GAUTHIER@darties.com;9;22-03-2016;
